protein,freq,study,study_type
ZNF83,59,blca_bgi,bladder
KDM6A,36,blca_bgi,bladder
TP53,30,blca_bgi,bladder
PIK3CA,27,blca_bgi,bladder
FMN2,26,blca_bgi,bladder
ARID1A,21,blca_bgi,bladder
FGFR3,19,blca_bgi,bladder
CREBBP,18,blca_bgi,bladder
HRAS,18,blca_bgi,bladder
ERBB2,17,blca_bgi,bladder
STAG2,16,blca_bgi,bladder
RB1,15,blca_bgi,bladder
AQP7,15,blca_bgi,bladder
EP300,14,blca_bgi,bladder
SYNE2,14,blca_bgi,bladder
SYNE1,13,blca_bgi,bladder
ZNF233,13,blca_bgi,bladder
HMCN1,13,blca_bgi,bladder
KRTAP5-10,12,blca_bgi,bladder
XIRP2,11,blca_bgi,bladder
ERCC2,11,blca_bgi,bladder
PRG4,11,blca_bgi,bladder
TTN,10,blca_bgi,bladder
CSMD3,10,blca_bgi,bladder
NOTCH2,10,blca_bgi,bladder
ESRRA,9,blca_bgi,bladder
ZFP36L1,9,blca_bgi,bladder
ESPL1,9,blca_bgi,bladder
ERBB3,9,blca_bgi,bladder
PLXNB2,9,blca_bgi,bladder
FGFRL1,9,blca_bgi,bladder
KRAS,9,blca_bgi,bladder
KMT2A,9,blca_bgi,bladder
DCHS2,9,blca_bgi,bladder
DNAH8,9,blca_bgi,bladder
RELN,9,blca_bgi,bladder
GOLGB1,8,blca_bgi,bladder
ACTB,8,blca_bgi,bladder
MACF1,8,blca_bgi,bladder
AHNAK,8,blca_bgi,bladder
DMXL1,8,blca_bgi,bladder
UBR4,8,blca_bgi,bladder
CABIN1,8,blca_bgi,bladder
ANK3,8,blca_bgi,bladder
NF1,8,blca_bgi,bladder
NFE2L3,8,blca_bgi,bladder
VPS13B,8,blca_bgi,bladder
NHS,7,blca_bgi,bladder
PKHD1,7,blca_bgi,bladder
TG,7,blca_bgi,bladder
TP53,33,blca_mskcc_solit_2012,bladder
PIK3CA,18,blca_mskcc_solit_2012,bladder
RB1,15,blca_mskcc_solit_2012,bladder
FGFR3,14,blca_mskcc_solit_2012,bladder
TSC1,7,blca_mskcc_solit_2012,bladder
KRAS,4,blca_mskcc_solit_2012,bladder
PTEN,2,blca_mskcc_solit_2012,bladder
CDKN2A,2,blca_mskcc_solit_2012,bladder
BRAF,2,blca_mskcc_solit_2012,bladder
AKT1,2,blca_mskcc_solit_2012,bladder
AKT3,1,blca_mskcc_solit_2012,bladder
SUCLG2,1,blca_mskcc_solit_2012,bladder
TP53,78,blca_mskcc_solit_2014,bladder
KMT2D,56,blca_mskcc_solit_2014,bladder
KDM6A,48,blca_mskcc_solit_2014,bladder
ARID1A,41,blca_mskcc_solit_2014,bladder
RB1,28,blca_mskcc_solit_2014,bladder
PIK3CA,25,blca_mskcc_solit_2014,bladder
FGFR3,22,blca_mskcc_solit_2014,bladder
EP300,21,blca_mskcc_solit_2014,bladder
KMT2C,19,blca_mskcc_solit_2014,bladder
CREBBP,18,blca_mskcc_solit_2014,bladder
STAG2,18,blca_mskcc_solit_2014,bladder
FAT1,16,blca_mskcc_solit_2014,bladder
ERBB3,15,blca_mskcc_solit_2014,bladder
NF1,15,blca_mskcc_solit_2014,bladder
SETD2,14,blca_mskcc_solit_2014,bladder
NOTCH1,14,blca_mskcc_solit_2014,bladder
ERBB2,14,blca_mskcc_solit_2014,bladder
CDKN1A,14,blca_mskcc_solit_2014,bladder
KMT2A,13,blca_mskcc_solit_2014,bladder
ATRX,12,blca_mskcc_solit_2014,bladder
ATM,10,blca_mskcc_solit_2014,bladder
RICTOR,10,blca_mskcc_solit_2014,bladder
SMARCA4,10,blca_mskcc_solit_2014,bladder
PBRM1,9,blca_mskcc_solit_2014,bladder
NOTCH3,8,blca_mskcc_solit_2014,bladder
NFKB1,8,blca_mskcc_solit_2014,bladder
BRCA1,8,blca_mskcc_solit_2014,bladder
TERT,8,blca_mskcc_solit_2014,bladder
CDK12,8,blca_mskcc_solit_2014,bladder
HSP90AA1,7,blca_mskcc_solit_2014,bladder
BAP1,7,blca_mskcc_solit_2014,bladder
ETV6,7,blca_mskcc_solit_2014,bladder
PTEN,7,blca_mskcc_solit_2014,bladder
WAS,7,blca_mskcc_solit_2014,bladder
PIK3CG,7,blca_mskcc_solit_2014,bladder
TSC1,7,blca_mskcc_solit_2014,bladder
NOTCH4,7,blca_mskcc_solit_2014,bladder
EPHA8,7,blca_mskcc_solit_2014,bladder
CDKN2A,7,blca_mskcc_solit_2014,bladder
PTPRD,6,blca_mskcc_solit_2014,bladder
ALK,6,blca_mskcc_solit_2014,bladder
DICER1,6,blca_mskcc_solit_2014,bladder
PTPRT,6,blca_mskcc_solit_2014,bladder
ERBB4,6,blca_mskcc_solit_2014,bladder
APC,6,blca_mskcc_solit_2014,bladder
GLI3,6,blca_mskcc_solit_2014,bladder
WNK1,6,blca_mskcc_solit_2014,bladder
MTOR,5,blca_mskcc_solit_2014,bladder
ARID2,5,blca_mskcc_solit_2014,bladder
EPHA2,5,blca_mskcc_solit_2014,bladder
CDH1,30,blca_plasmacytoid_mskcc_2016,bladder
TP53,25,blca_plasmacytoid_mskcc_2016,bladder
TERT,12,blca_plasmacytoid_mskcc_2016,bladder
RB1,11,blca_plasmacytoid_mskcc_2016,bladder
CDKN1A,10,blca_plasmacytoid_mskcc_2016,bladder
ARID1A,9,blca_plasmacytoid_mskcc_2016,bladder
KMT2D,8,blca_plasmacytoid_mskcc_2016,bladder
PIK3CA,8,blca_plasmacytoid_mskcc_2016,bladder
PIK3R1,8,blca_plasmacytoid_mskcc_2016,bladder
FAT1,7,blca_plasmacytoid_mskcc_2016,bladder
TET1,6,blca_plasmacytoid_mskcc_2016,bladder
SMARCA4,6,blca_plasmacytoid_mskcc_2016,bladder
ERBB3,6,blca_plasmacytoid_mskcc_2016,bladder
KMT2C,6,blca_plasmacytoid_mskcc_2016,bladder
NF1,5,blca_plasmacytoid_mskcc_2016,bladder
KEAP1,5,blca_plasmacytoid_mskcc_2016,bladder
KMT2A,5,blca_plasmacytoid_mskcc_2016,bladder
ERCC2,5,blca_plasmacytoid_mskcc_2016,bladder
BAP1,5,blca_plasmacytoid_mskcc_2016,bladder
MTOR,5,blca_plasmacytoid_mskcc_2016,bladder
ERBB2,5,blca_plasmacytoid_mskcc_2016,bladder
ATR,5,blca_plasmacytoid_mskcc_2016,bladder
CDKN2A,4,blca_plasmacytoid_mskcc_2016,bladder
CDK8,4,blca_plasmacytoid_mskcc_2016,bladder
NOTCH4,4,blca_plasmacytoid_mskcc_2016,bladder
EPHB1,4,blca_plasmacytoid_mskcc_2016,bladder
MCL1,3,blca_plasmacytoid_mskcc_2016,bladder
ASXL1,3,blca_plasmacytoid_mskcc_2016,bladder
AR,3,blca_plasmacytoid_mskcc_2016,bladder
DICER1,3,blca_plasmacytoid_mskcc_2016,bladder
PBRM1,3,blca_plasmacytoid_mskcc_2016,bladder
KIT,3,blca_plasmacytoid_mskcc_2016,bladder
PTPRT,3,blca_plasmacytoid_mskcc_2016,bladder
BRCA1,3,blca_plasmacytoid_mskcc_2016,bladder
YAP1,3,blca_plasmacytoid_mskcc_2016,bladder
PALB2,3,blca_plasmacytoid_mskcc_2016,bladder
EP300,3,blca_plasmacytoid_mskcc_2016,bladder
PTPRD,3,blca_plasmacytoid_mskcc_2016,bladder
NOTCH1,3,blca_plasmacytoid_mskcc_2016,bladder
MPL,3,blca_plasmacytoid_mskcc_2016,bladder
STAG2,3,blca_plasmacytoid_mskcc_2016,bladder
NTRK2,3,blca_plasmacytoid_mskcc_2016,bladder
IRS2,3,blca_plasmacytoid_mskcc_2016,bladder
FAT4,3,blca_plasmacytoid_mskcc_2016,bladder
PTEN,3,blca_plasmacytoid_mskcc_2016,bladder
IKBKE,3,blca_plasmacytoid_mskcc_2016,bladder
NOTCH2,3,blca_plasmacytoid_mskcc_2016,bladder
NRAS,3,blca_plasmacytoid_mskcc_2016,bladder
RAD50,3,blca_plasmacytoid_mskcc_2016,bladder
PIK3C2G,3,blca_plasmacytoid_mskcc_2016,bladder
TTN,167,blca_tcga,bladder
MUC16,80,blca_tcga,bladder
TP53,76,blca_tcga,bladder
KMT2D,45,blca_tcga,bladder
SPTAN1,43,blca_tcga,bladder
ARID1A,42,blca_tcga,bladder
FAT4,40,blca_tcga,bladder
SYNE1,38,blca_tcga,bladder
FLG,37,blca_tcga,bladder
KDM6A,34,blca_tcga,bladder
KMT2C,33,blca_tcga,bladder
HMCN1,32,blca_tcga,bladder
PDE4DIP,30,blca_tcga,bladder
MACF1,30,blca_tcga,bladder
BIRC6,30,blca_tcga,bladder
AHNAK,30,blca_tcga,bladder
EP300,29,blca_tcga,bladder
CSMD3,28,blca_tcga,bladder
PIK3CA,27,blca_tcga,bladder
DNAH3,27,blca_tcga,bladder
RYR2,26,blca_tcga,bladder
MUC17,26,blca_tcga,bladder
SYNE2,26,blca_tcga,bladder
DNAH10,24,blca_tcga,bladder
KMT2A,24,blca_tcga,bladder
GPR98,24,blca_tcga,bladder
DNAH5,24,blca_tcga,bladder
FGFR3,24,blca_tcga,bladder
VPS13D,24,blca_tcga,bladder
ZFHX4,24,blca_tcga,bladder
PKHD1L1,23,blca_tcga,bladder
PLEC,23,blca_tcga,bladder
ATM,23,blca_tcga,bladder
LYST,23,blca_tcga,bladder
AHNAK2,23,blca_tcga,bladder
LRP1B,23,blca_tcga,bladder
UBR4,22,blca_tcga,bladder
CREBBP,21,blca_tcga,bladder
DNAH11,21,blca_tcga,bladder
SACS,21,blca_tcga,bladder
KIAA0100,21,blca_tcga,bladder
ABCA13,20,blca_tcga,bladder
RYR3,20,blca_tcga,bladder
DOT1L,20,blca_tcga,bladder
ADAMTS12,20,blca_tcga,bladder
TCHH,19,blca_tcga,bladder
CELSR3,19,blca_tcga,bladder
HERC1,19,blca_tcga,bladder
OBSCN,19,blca_tcga,bladder
NEB,19,blca_tcga,bladder
TTN,167,blca_tcga_pub,bladder
MUC16,80,blca_tcga_pub,bladder
TP53,76,blca_tcga_pub,bladder
KMT2D,44,blca_tcga_pub,bladder
SPTAN1,43,blca_tcga_pub,bladder
ARID1A,41,blca_tcga_pub,bladder
FLG,40,blca_tcga_pub,bladder
FAT4,39,blca_tcga_pub,bladder
SYNE1,38,blca_tcga_pub,bladder
KDM6A,34,blca_tcga_pub,bladder
KMT2C,34,blca_tcga_pub,bladder
AHNAK,32,blca_tcga_pub,bladder
HMCN1,32,blca_tcga_pub,bladder
MACF1,30,blca_tcga_pub,bladder
PDE4DIP,30,blca_tcga_pub,bladder
BIRC6,29,blca_tcga_pub,bladder
NBPF10,28,blca_tcga_pub,bladder
EP300,28,blca_tcga_pub,bladder
DNAH3,27,blca_tcga_pub,bladder
PIK3CA,27,blca_tcga_pub,bladder
CSMD3,27,blca_tcga_pub,bladder
SYNE2,27,blca_tcga_pub,bladder
RYR2,26,blca_tcga_pub,bladder
MUC17,26,blca_tcga_pub,bladder
ZFHX4,25,blca_tcga_pub,bladder
AHNAK2,25,blca_tcga_pub,bladder
GPR98,24,blca_tcga_pub,bladder
FGFR3,24,blca_tcga_pub,bladder
DNAH10,24,blca_tcga_pub,bladder
LRP1B,24,blca_tcga_pub,bladder
KMT2A,24,blca_tcga_pub,bladder
PLEC,23,blca_tcga_pub,bladder
LYST,23,blca_tcga_pub,bladder
VPS13D,23,blca_tcga_pub,bladder
DNAH5,23,blca_tcga_pub,bladder
ATM,23,blca_tcga_pub,bladder
PKHD1L1,23,blca_tcga_pub,bladder
UBR4,22,blca_tcga_pub,bladder
SACS,22,blca_tcga_pub,bladder
KIAA0100,22,blca_tcga_pub,bladder
ABCA13,20,blca_tcga_pub,bladder
SRRM2,20,blca_tcga_pub,bladder
CREBBP,20,blca_tcga_pub,bladder
DNAH11,20,blca_tcga_pub,bladder
DOT1L,20,blca_tcga_pub,bladder
NEB,19,blca_tcga_pub,bladder
FAT1,19,blca_tcga_pub,bladder
MYH9,19,blca_tcga_pub,bladder
OBSCN,19,blca_tcga_pub,bladder
LAMA3,19,blca_tcga_pub,bladder
TP53,35,brca_bccrc,breast
TNS3,14,brca_bccrc,breast
ARHGAP5,7,brca_bccrc,breast
USH2A,7,brca_bccrc,breast
PIK3CA,7,brca_bccrc,breast
MYO3A,6,brca_bccrc,breast
PTEN,6,brca_bccrc,breast
PCDHA10,5,brca_bccrc,breast
ATR,5,brca_bccrc,breast
PPFIBP2,5,brca_bccrc,breast
SYNE1,4,brca_bccrc,breast
UBR5,4,brca_bccrc,breast
RB1,4,brca_bccrc,breast
UBAP2L,4,brca_bccrc,breast
TTN,4,brca_bccrc,breast
HECW1,4,brca_bccrc,breast
LRP2,4,brca_bccrc,breast
ZNF142,4,brca_bccrc,breast
GPR112,4,brca_bccrc,breast
COL6A3,4,brca_bccrc,breast
MDN1,4,brca_bccrc,breast
PALLD,3,brca_bccrc,breast
BRCA2,3,brca_bccrc,breast
DOCK7,3,brca_bccrc,breast
KIAA0556,3,brca_bccrc,breast
SPHKAP,3,brca_bccrc,breast
MACF1,3,brca_bccrc,breast
ERBB2,3,brca_bccrc,breast
DLG5,3,brca_bccrc,breast
FLT3,3,brca_bccrc,breast
FMN2,3,brca_bccrc,breast
GH1,3,brca_bccrc,breast
SMG5,3,brca_bccrc,breast
MUC17,3,brca_bccrc,breast
DNAH5,3,brca_bccrc,breast
TSHZ3,3,brca_bccrc,breast
LAMA2,3,brca_bccrc,breast
MYH2,3,brca_bccrc,breast
TDO2,3,brca_bccrc,breast
PKD1L1,3,brca_bccrc,breast
CEP192,3,brca_bccrc,breast
FAM208B,3,brca_bccrc,breast
SYNE2,3,brca_bccrc,breast
XRN1,3,brca_bccrc,breast
HRNR,3,brca_bccrc,breast
RALGAPA1,3,brca_bccrc,breast
APOB,3,brca_bccrc,breast
C11orf30,3,brca_bccrc,breast
CELSR1,3,brca_bccrc,breast
PRKCQ,3,brca_bccrc,breast
Unknown,1459,brca_bccrc_xenograft_2014,breast
TP53,41,brca_bccrc_xenograft_2014,breast
LAMA1,35,brca_bccrc_xenograft_2014,breast
SCAMP3,32,brca_bccrc_xenograft_2014,breast
ULK2,31,brca_bccrc_xenograft_2014,breast
NOTCH1,31,brca_bccrc_xenograft_2014,breast
NRG1,31,brca_bccrc_xenograft_2014,breast
COL9A1,30,brca_bccrc_xenograft_2014,breast
WBSCR17,28,brca_bccrc_xenograft_2014,breast
PLEC,27,brca_bccrc_xenograft_2014,breast
RBFOX1,26,brca_bccrc_xenograft_2014,breast
KALRN,26,brca_bccrc_xenograft_2014,breast
DST,26,brca_bccrc_xenograft_2014,breast
CCSER1,25,brca_bccrc_xenograft_2014,breast
FAM178B,25,brca_bccrc_xenograft_2014,breast
UBA7,24,brca_bccrc_xenograft_2014,breast
ABCD4,24,brca_bccrc_xenograft_2014,breast
TTN,24,brca_bccrc_xenograft_2014,breast
SHOC2,24,brca_bccrc_xenograft_2014,breast
PRG4,23,brca_bccrc_xenograft_2014,breast
TTC7B,22,brca_bccrc_xenograft_2014,breast
VCPIP1,22,brca_bccrc_xenograft_2014,breast
SDK1,22,brca_bccrc_xenograft_2014,breast
AFF2,22,brca_bccrc_xenograft_2014,breast
FAM47C,22,brca_bccrc_xenograft_2014,breast
WNK1,20,brca_bccrc_xenograft_2014,breast
ZNF415,20,brca_bccrc_xenograft_2014,breast
TBC1D5,20,brca_bccrc_xenograft_2014,breast
ALS2CR12,20,brca_bccrc_xenograft_2014,breast
MACROD2,20,brca_bccrc_xenograft_2014,breast
NEDD9,20,brca_bccrc_xenograft_2014,breast
GDPD4,20,brca_bccrc_xenograft_2014,breast
USP34,19,brca_bccrc_xenograft_2014,breast
ARHGEF4,19,brca_bccrc_xenograft_2014,breast
CCER1,19,brca_bccrc_xenograft_2014,breast
LGALS9,19,brca_bccrc_xenograft_2014,breast
ARAP2,18,brca_bccrc_xenograft_2014,breast
RTEL1,18,brca_bccrc_xenograft_2014,breast
NLRP5,18,brca_bccrc_xenograft_2014,breast
KCNT2,18,brca_bccrc_xenograft_2014,breast
COG2,17,brca_bccrc_xenograft_2014,breast
HPS3,17,brca_bccrc_xenograft_2014,breast
ESPL1,17,brca_bccrc_xenograft_2014,breast
GPR179,17,brca_bccrc_xenograft_2014,breast
CD36,17,brca_bccrc_xenograft_2014,breast
AHNAK2,17,brca_bccrc_xenograft_2014,breast
GYS1,16,brca_bccrc_xenograft_2014,breast
MAGEA1,16,brca_bccrc_xenograft_2014,breast
C2orf78,16,brca_bccrc_xenograft_2014,breast
ARMC12,16,brca_bccrc_xenograft_2014,breast
TP53,31,brca_broad,breast
PIK3CA,31,brca_broad,breast
ZBED4,19,brca_broad,breast
TTN,17,brca_broad,breast
BZRAP1,11,brca_broad,breast
MUC2,11,brca_broad,breast
MUC16,8,brca_broad,breast
DST,8,brca_broad,breast
KMT2C,8,brca_broad,breast
PCGF2,7,brca_broad,breast
DMD,7,brca_broad,breast
NSD1,7,brca_broad,breast
CSMD3,7,brca_broad,breast
WEE1,7,brca_broad,breast
PRDM16,6,brca_broad,breast
SYNE1,6,brca_broad,breast
SPEN,6,brca_broad,breast
AKT1,6,brca_broad,breast
FLG,6,brca_broad,breast
RYR3,6,brca_broad,breast
MAP3K1,5,brca_broad,breast
TMEM132D,5,brca_broad,breast
POMK,5,brca_broad,breast
CACNA1E,5,brca_broad,breast
SI,5,brca_broad,breast
PLEC,5,brca_broad,breast
GPR112,5,brca_broad,breast
OBSCN,5,brca_broad,breast
SCN3A,4,brca_broad,breast
SRRM2,4,brca_broad,breast
KIF26B,4,brca_broad,breast
ATM,4,brca_broad,breast
GATA3,4,brca_broad,breast
COL11A2,4,brca_br,breast
TET3,4,brca_broad,breast
ITPR3,4,brca_broad,breast
CBFB,4,brca_broad,breast
PRDM14,4,brca_broad,breast
AGRN,4,brca_broad,breast
HUWE1,4,brca_broad,breast
TRPM3,4,brca_broad,breast
DNAH2,4,brca_broad,breast
ADAMTS7,4,brca_br,breast
COL7A1,4,brca_broad,breast
MDN1,4,brca_broad,breast
HMCN1,4,brca_broad,breast
HLA-A,4,brca_broad,breast
DNAH8,4,brca_broad,breast
HDLBP,4,brca_broad,breast
EGFR,4,brca_broad,breast
PIK3CA,928,brca_metabric,breast
AHNAK2,710,brca_metabric,breast
TP53,687,brca_metabric,breast
MUC16,532,brca_metabric,breast
SYNE1,373,brca_metabric,breast
KMT2C,328,brca_metabric,breast
MAP3K1,309,brca_metabric,breast
AHNAK,264,brca_metabric,breast
GATA3,255,brca_metabric,breast
DNAH11,237,brca_metabric,breast
DNAH2,229,brca_metabric,breast
KMT2D,227,brca_metabric,breast
HERC2,223,brca_metabric,breast
RYR2,200,brca_metabric,breast
USH2A,197,brca_metabric,breast
CDH1,189,brca_metabric,breast
DNAH5,188,brca_metabric,breast
NOTCH1,181,brca_metabric,breast
PDE4DIP,168,brca_metabric,breast
TG,164,brca_metabric,breast
COL6A3,157,brca_metabric,breast
BIRC6,152,brca_metabric,breast
NCOR2,150,brca_metabric,breast
AKAP9,148,brca_metabric,breast
ARID1A,145,brca_metabric,breast
UTRN,140,brca_metabric,breast
TBX3,133,brca_metabric,breast
LAMA2,133,brca_metabric,breast
STAB2,120,brca_metabric,breast
COL22A1,114,brca_metabric,breast
COL12A1,113,brca_metabric,breast
SHANK2,110,brca_metabric,breast
THADA,106,brca_metabric,breast
MYH9,105,brca_metabric,breast
ATR,100,brca_metabric,breast
CBFB,98,brca_metabric,breast
NCOR1,96,brca_metabric,breast
ARID1B,94,brca_metabric,breast
EP300,93,brca_metabric,breast
NF1,92,brca_metabric,breast
AKT1,92,brca_metabric,breast
PTPRD,89,brca_metabric,breast
PTEN,88,brca_metabric,breast
LAMB3,86,brca_metabric,breast
RUNX1,85,brca_metabric,breast
ERBB2,84,brca_metabric,breast
SETD2,84,brca_metabric,breast
SETD1A,81,brca_metabric,breast
ROS1,79,brca_metabric,breast
THSD7A,77,brca_metabric,breast
TTN,39,brca_sanger,breast
PIK3CA,35,brca_sanger,breast
TP53,30,brca_sanger,breast
GATA3,16,brca_sanger,breast
MUC16,15,brca_sanger,breast
KMT2C,12,brca_sanger,breast
DST,10,brca_sanger,breast
SYNE1,9,brca_sanger,breast
CDH1,9,brca_sanger,breast
HYDIN,9,brca_sanger,breast
MAP3K1,9,brca_sanger,breast
MTMR4,9,brca_sanger,breast
FSIP2,8,brca_sanger,breast
DNAH11,8,brca_sanger,breast
RYR3,7,brca_sanger,breast
AHNAK,7,brca_sanger,breast
STAB2,7,brca_sanger,breast
NCOR1,7,brca_sanger,breast
BIRC6,7,brca_sanger,breast
DNAH3,7,brca_sanger,breast
VPS13C,6,brca_sanger,breast
LRRC7,6,brca_sanger,breast
MYH2,6,brca_sanger,breast
PKHD1L1,6,brca_sanger,breast
GPR112,6,brca_sanger,breast
EFCAB5,6,brca_sanger,breast
DIDO1,6,brca_sanger,breast
PCLO,6,brca_sanger,breast
DNAH8,6,brca_sanger,breast
HEATR1,5,brca_sanger,breast
TG,5,brca_sanger,breast
ABCA13,5,brca_sanger,breast
FAM135B,5,brca_sanger,breast
MTHFR,5,brca_sanger,breast
USP32,5,brca_sanger,breast
CSMD1,5,brca_sanger,breast
SYCP2,5,brca_sanger,breast
HUWE1,5,brca_sanger,breast
DNAH6,5,brca_sanger,breast
SNAP91,5,brca_sanger,breast
MAP2K4,5,brca_sanger,breast
ANKRD30A,5,brca_sanger,breast
SYNE2,5,brca_sanger,breast
HERC1,5,brca_sanger,breast
NBAS,5,brca_sanger,breast
GPR98,5,brca_sanger,breast
AKT1,5,brca_sanger,breast
TMEM132B,5,brca_sanger,breast
DNAH2,5,brca_sanger,breast
PRRC2B,5,brca_sanger,breast
PIK3CA,379,brca_tcga,breast
TTN,356,brca_tcga,breast
TP53,324,brca_tcga,breast
MUC16,151,brca_tcga,breast
CDH1,121,brca_tcga,breast
GATA3,105,brca_tcga,breast
MAP3K1,104,brca_tcga,breast
MUC12,101,brca_tcga,breast
KMT2C,92,brca_tcga,breast
MUC4,91,brca_tcga,breast
RYR2,76,brca_tcga,breast
SYNE1,74,brca_tcga,breast
DST,68,brca_tcga,breast
FLG,67,brca_tcga,breast
HMCN1,66,brca_tcga,breast
DMD,64,brca_tcga,breast
RYR3,63,brca_tcga,breast
FCGBP,63,brca_tcga,breast
OBSCN,61,brca_tcga,breast
MUC5B,60,brca_tcga,breast
USH2A,59,brca_tcga,breast
SYNE2,59,brca_tcga,breast
SPEN,58,brca_tcga,breast
AHNAK,54,brca_tcga,breast
NEB,53,brca_tcga,breast
HRNR,52,brca_tcga,breast
MUC17,51,brca_tcga,breast
CROCCP2,51,brca_tcga,breast
XIRP2,51,brca_tcga,breast
AHNAK2,49,brca_tcga,breast
ABCA13,47,brca_tcga,breast
UBR4,47,brca_tcga,breast
RYR1,47,brca_tcga,breast
SPTA1,47,brca_tcga,breast
APOB,47,brca_tcga,breast
CSMD1,46,brca_tcga,breast
FAT3,46,brca_tcga,breast
HUWE1,46,brca_tcga,breast
MXRA5,45,brca_tcga,breast
LRP2,45,brca_tcga,breast
MDN1,45,brca_tcga,breast
ZFHX4,45,brca_tcga,breast
HYDIN,44,brca_tcga,breast
PCLO,44,brca_tcga,breast
CMYA5,44,brca_tcga,breast
NCOR1,44,brca_tcga,breast
MACF1,43,brca_tcga,breast
GPR112,42,brca_tcga,breast
GPR98,41,brca_tcga,breast
RNF213,41,brca_tcga,breast
PIK3CA,320,brca_tcga_pub2015,breast
TP53,291,brca_tcga_pub2015,breast
TTN,238,brca_tcga_pub2015,breast
MUC16,121,brca_tcga_pub2015,breast
GATA3,108,brca_tcga_pub2015,breast
CDH1,108,brca_tcga_pub2015,breast
MAP3K1,104,brca_tcga_pub2015,breast
MUC4,83,brca_tcga_pub2015,breast
KMT2C,76,brca_tcga_pub2015,breast
MUC12,68,brca_tcga_pub2015,breast
SYNE1,60,brca_tcga_pub2015,breast
FLG,58,brca_tcga_pub2015,breast
RYR2,56,brca_tcga_pub2015,breast
SPEN,54,brca_tcga_pub2015,breast
OBSCN,53,brca_tcga_pub2015,breast
RYR3,53,brca_tcga_pub2015,breast
USH2A,51,brca_tcga_pub2015,breast
MUC5B,49,brca_tcga_pub2015,breast
HMCN1,48,brca_tcga_pub2015,breast
NEB,48,brca_tcga_pub2015,breast
DMD,47,brca_tcga_pub2015,breast
NCOA3,45,brca_tcga_pub2015,breast
PTEN,45,brca_tcga_pub2015,breast
ABCA13,43,brca_tcga_pub2015,breast
AHNAK2,42,brca_tcga_pub2015,breast
NCOR1,42,brca_tcga_pub2015,breast
TBP,42,brca_tcga_pub2015,breast
SYNE2,42,brca_tcga_pub2015,breast
ZFHX4,41,brca_tcga_pub2015,breast
FCGBP,40,brca_tcga_pub2015,breast
FAT3,40,brca_tcga_pub2015,breast
MDN1,39,brca_tcga_pub2015,breast
MUC17,39,brca_tcga_pub2015,breast
RNF213,38,brca_tcga_pub2015,breast
APOB,38,brca_tcga_pub2015,breast
LRP2,38,brca_tcga_pub2015,breast
SPTA1,38,brca_tcga_pub2015,breast
RUNX1,37,brca_tcga_pub2015,breast
ARID1A,37,brca_tcga_pub2015,breast
XIRP2,37,brca_tcga_pub2015,breast
HUWE1,37,brca_tcga_pub2015,breast
KMT2D,35,brca_tcga_pub2015,breast
RYR1,35,brca_tcga_pub2015,breast
HYDIN,35,brca_tcga_pub2015,breast
HRNR,34,brca_tcga_pub2015,breast
FOXA1,34,brca_tcga_pub2015,breast
ZNF384,34,brca_tcga_pub2015,breast
LRP1,34,brca_tcga_pub2015,breast
CSMD2,33,brca_tcga_pub2015,breast
CHD4,33,brca_tcga_pub2015,breast
PIK3CA,208,brca_tcga_pub,breast
TP53,198,brca_tcga_pub,breast
TTN,116,brca_tcga_pub,breast
MAP3K1,67,brca_tcga_pub,breast
Unknown,66,brca_tcga_pub,breast
MUC16,62,brca_tcga_pub,breast
GATA3,60,brca_tcga_pub,breast
KMT2C,41,brca_tcga_pub,breast
RYR2,37,brca_tcga_pub,breast
CROCCP2,36,brca_tcga_pub,breast
USH2A,34,brca_tcga_pub,breast
CDH1,34,brca_tcga_pub,breast
OBSCN,33,brca_tcga_pub,breast
MUC4,33,brca_tcga_pub,breast
FLG,30,brca_tcga_pub,breast
CSMD1,29,brca_tcga_pub,breast
BRCA2,25,brca_tcga_pub,breast
SPEN,24,brca_tcga_pub,breast
RYR3,24,brca_tcga_pub,breast
SYNE1,24,brca_tcga_pub,breast
MUC5B,23,brca_tcga_pub,breast
MUC17,23,brca_tcga_pub,breast
MAP2K4,22,brca_tcga_pub,breast
ATM,22,brca_tcga_pub,breast
FAT3,22,brca_tcga_pub,breast
SSPO,22,brca_tcga_pub,breast
SYNE2,22,brca_tcga_pub,breast
AHNAK2,21,brca_tcga_pub,breast
LRP2,21,brca_tcga_pub,breast
BRCA1,21,brca_tcga_pub,breast
HMCN1,21,brca_tcga_pub,breast
APOB,20,brca_tcga_pub,breast
ZFHX4,20,brca_tcga_pub,breast
RP11-32B5.7,19,brca_tcga_pub,breast
RUNX1,19,brca_tcga_pub,breast
PTEN,19,brca_tcga_pub,breast
DMD,19,brca_tcga_pub,breast
NCOR1,19,brca_tcga_pub,breast
NEB,19,brca_tcga_pub,breast
SPTA1,19,brca_tcga_pub,breast
MUC2,18,brca_tcga_pub,breast
UBR4,18,brca_tcga_pub,breast
PLEC,18,brca_tcga_pub,breast
HYDIN,18,brca_tcga_pub,breast
RELN,17,brca_tcga_pub,breast
XIRP2,17,brca_tcga_pub,breast
RYR1,17,brca_tcga_pub,breast
SPI1,17,brca_tcga_pub,breast
TENM1,16,brca_tcga_pub,breast
NF1,16,brca_tcga_pub,breast
TTN,99,lihc_amc_prv,liver
TP53,75,lihc_amc_prv,liver
MUC16,69,lihc_amc_prv,liver
CTNNB1,56,lihc_amc_prv,liver
PCLO,39,lihc_amc_prv,liver
GPR98,35,lihc_amc_prv,liver
HMCN1,35,lihc_amc_prv,liver
MUC4,32,lihc_amc_prv,liver
RYR2,31,lihc_amc_prv,liver
DST,29,lihc_amc_prv,liver
OBSCN,29,lihc_amc_prv,liver
DNAH5,27,lihc_amc_prv,liver
HYDIN,27,lihc_amc_prv,liver
APOB,25,lihc_amc_prv,liver
LRP1B,25,lihc_amc_prv,liver
SYNE1,25,lihc_amc_prv,liver
XIRP2,24,lihc_amc_prv,liver
ZNF208,24,lihc_amc_prv,liver
FLG,24,lihc_amc_prv,liver
FBN2,23,lihc_amc_prv,liver
PRUNE2,22,lihc_amc_prv,liver
VCAN,21,lihc_amc_prv,liver
CSMD3,21,lihc_amc_prv,liver
RYR3,21,lihc_amc_prv,liver
MDN1,20,lihc_amc_prv,liver
AHNAK2,19,lihc_amc_prv,liver
RYR1,19,lihc_amc_prv,liver
KIAA1109,18,lihc_amc_prv,liver
ABCA13,18,lihc_amc_prv,liver
DNAH7,18,lihc_amc_prv,liver
FSIP2,18,lihc_amc_prv,liver
UBR4,18,lihc_amc_prv,liver
PXDN,17,lihc_amc_prv,liver
NEB,17,lihc_amc_prv,liver
PKHD1L1,17,lihc_amc_prv,liver
COL6A6,17,lihc_amc_prv,liver
C17orf97,17,lihc_amc_prv,liver
MUC12,17,lihc_amc_prv,liver
COL7A1,17,lihc_amc_prv,liver
DCHS2,16,lihc_amc_prv,liver
FLG2,16,lihc_amc_prv,liver
MACF1,16,lihc_amc_prv,liver
SYNE2,16,lihc_amc_prv,liver
DNAH8,16,lihc_amc_prv,liver
HERC2,16,lihc_amc_prv,liver
DNAH9,16,lihc_amc_prv,liver
SACS,16,lihc_amc_prv,liver
CENPF,15,lihc_amc_prv,liver
IFITM3,15,lihc_amc_prv,liver
CIT,15,lihc_amc_prv,liver
TP53,14,lihc_rik,liver
ATM,5,lihc_rik,liver
IGSF10,3,lihc_rik,liver
BAZ2B,3,lihc_rik,liver
CTNNB1,3,lihc_rik,liver
WWP1,3,lihc_rik,liver
ZIC3,3,lihc_rik,liver
OTOP1,3,lihc_rik,liver
ARID1A,3,lihc_rik,liver
ERRFI1,3,lihc_rik,liver
ALB,3,lihc_rik,liver
USP25,3,lihc_rik,liver
GXYLT1,3,lihc_rik,liver
UBR3,1,lihc_rik,liver
TTN,192,lihc_tcga,liver
TP53,14,lihc_riken,liver
ATM,5,lihc_riken,liver
IGSF10,3,lihc_riken,liver
BAZ2B,3,lihc_riken,liver
CTNNB1,3,lihc_riken,liver
WWP1,3,lihc_riken,liver
ZIC3,3,lihc_riken,liver
OTOP1,3,lihc_riken,liver
ARID1A,3,lihc_riken,liver
ERRFI1,3,lihc_riken,liver
ALB,3,lihc_riken,liver
USP25,3,lihc_riken,liver
GXYLT1,3,lihc_riken,liver
UBR3,1,lihc_riken,liver
TTN,192,lihc_tcg,liver
TP53,120,lihc_tcga,liver
CTNNB1,107,lihc_tcga,liver
MUC16,93,lihc_tcga,liver
OBSCN,57,lihc_tcga,liver
PCLO,55,lihc_tcga,liver
ALB,55,lihc_tcga,liver
RYR2,54,lihc_tcga,liver
ND5,54,lihc_tcga,liver
CSMD3,52,lihc_tcga,liver
APOB,48,lihc_tcga,liver
HMCN1,45,lihc_tcga,liver
ABCA13,43,lihc_tcga,liver
XIRP2,42,lihc_tcga,liver
LRP1B,41,lihc_tcga,liver
CACNA1E,39,lihc_tcga,liver
MUC4,39,lihc_tcga,liver
CSMD1,39,lihc_tcga,liver
RYR1,38,lihc_tcga,liver
FLG,37,lihc_tcga,liver
USH2A,37,lihc_tcga,liver
ALMS1,37,lihc_tcga,liver
SYNE1,37,lihc_tcga,liver
NBEA,36,lihc_tcga,liver
FRAS1,36,lihc_tcga,liver
ARID1A,36,lihc_tcga,liver
SPTA1,35,lihc_tcga,liver
DNAH7,34,lihc_tcga,liver
DNAH6,34,lihc_tcga,liver
AHNAK2,34,lihc_tcga,liver
FAT3,33,lihc_tcga,liver
EYS,33,lihc_tcga,liver
SYNE2,32,lihc_tcga,liver
GPR98,32,lihc_tcga,liver
MUC2,32,lihc_tcga,liver
DST,31,lihc_tcga,liver
COL11A1,31,lihc_tcga,liver
DCHS2,31,lihc_tcga,liver
MUC17,30,lihc_tcga,liver
DNAH9,29,lihc_tcga,liver
FBN2,29,lihc_tcga,liver
FASN,28,lihc_tcga,liver
RYR3,28,lihc_tcga,liver
DYNC2H1,28,lihc_tcga,liver
FREM2,28,lihc_tcga,liver
BIRC6,28,lihc_tcga,liver
DNAH5,28,lihc_tcga,liver
ZFHX4,28,lihc_tcga,liver
MDN1,27,lihc_tcga,liver
KMT2D,27,lihc_tcg,liver
KMT2D,27,lihc_tcga,liver
KRAS,97,paad_icgc,pancreatic
TP53,33,paad_icgc,pancreatic
SMAD4,16,paad_icgc,pancreatic
TTN,15,paad_icgc,pancreatic
NEB,7,paad_icgc,pancreatic
PEG3,7,paad_icgc,pancreatic
KMT2C,7,paad_icgc,pancreatic
CSMD1,6,paad_icgc,pancreatic
FLG,5,paad_icgc,pancreatic
XIRP2,5,paad_icgc,pancreatic
MUC16,5,paad_icgc,pancreatic
NALCN,5,paad_icgc,pancreatic
RYR3,5,paad_icgc,pancreatic
ATM,5,paad_icgc,pancreatic
HMCN1,5,paad_icgc,pancreatic
RYR2,5,paad_icgc,pancreatic
DNAH5,4,paad_icgc,pancreatic
SF3B1,4,paad_icgc,pancreatic
MT-CO2,4,paad_icgc,pancreatic
PXDN,4,paad_icgc,pancreatic
PCDH15,4,paad_icgc,pancreatic
ARID1A,4,paad_icgc,pancreatic
TGFBR2,4,paad_icgc,pancreatic
DMD,4,paad_icgc,pancreatic
TTI1,3,paad_icgc,pancreatic
PCDHB6,3,paad_icgc,pancreatic
NBAS,3,paad_icgc,pancreatic
MYO9A,3,paad_icgc,pancreatic
OR2M5,3,paad_icgc,pancreatic
VCAN,3,paad_icgc,pancreatic
ALMS1,3,paad_icgc,pancreatic
MAP1B,3,paad_icgc,pancreatic
ABCA12,3,paad_icgc,pancreatic
ADAMTS20,3,paad_icgc,pancreatic
EPC1,3,paad_icgc,pancreatic
LRP1B,3,paad_icgc,pancreatic
TOP2A,3,paad_icgc,pancreatic
GRIA1,3,paad_icgc,pancreatic
PRKDC,3,paad_icgc,pancreatic
SYNE1,3,paad_icgc,pancreatic
CDH4,3,paad_icgc,pancreatic
SLIT2,3,paad_icgc,pancreatic
ITIH6,3,paad_icgc,pancreatic
TEX15,3,paad_icgc,pancreatic
AFF2,3,paad_icgc,pancreatic
ARID2,3,paad_icgc,pancreatic
MAP2K4,3,paad_icgc,pancreatic
MAGEA6,3,paad_icgc,pancreatic
FAT3,3,paad_icgc,pancreatic
SUV420H1,3,paad_icgc,pancreatic
KRAS,348,paad_qcmg_uq_2016,pancreatic
TP53,258,paad_qcmg_uq_2016,pancreatic
TTN,91,paad_qcmg_uq_2016,pancreatic
SMAD4,89,paad_qcmg_uq_2016,pancreatic
CDKN2A,77,paad_qcmg_uq_2016,pancreatic
MT-ND5,47,paad_qcmg_uq_2016,pancreatic
SYNE1,36,paad_qcmg_uq_2016,pancreatic
MT-CYB,34,paad_qcmg_uq_2016,pancreatic
GLI3,33,paad_qcmg_uq_2016,pancreatic
ARID1A,32,paad_qcmg_uq_2016,pancreatic
MUC16,31,paad_qcmg_uq_2016,pancreatic
KMT2C,29,paad_qcmg_uq_2016,pancreatic
RYR1,29,paad_qcmg_uq_2016,pancreatic
OBSCN,29,paad_qcmg_uq_2016,pancreatic
MT-ND4,28,paad_qcmg_uq_2016,pancreatic
HMCN1,28,paad_qcmg_uq_2016,pancreatic
RYR2,26,paad_qcmg_uq_2016,pancreatic
FLG,25,paad_qcmg_uq_2016,pancreatic
LRP1B,25,paad_qcmg_uq_2016,pancreatic
KMT2D,25,paad_qcmg_uq_2016,pancreatic
FAT3,25,paad_qcmg_uq_2016,pancreatic
MT-CO1,25,paad_qcmg_uq_2016,pancreatic
RYR3,23,paad_qcmg_uq_2016,pancreatic
MUC4,22,paad_qcmg_uq_2016,pancreatic
RNF43,22,paad_qcmg_uq_2016,pancreatic
DNAH11,22,paad_qcmg_uq_2016,pancreatic
TENM3,21,paad_qcmg_uq_2016,pancreatic
CSMD1,20,paad_qcmg_uq_2016,pancreatic
WDFY4,20,paad_qcmg_uq_2016,pancreatic
CSMD3,19,paad_qcmg_uq_2016,pancreatic
MT-ND1,18,paad_qcmg_uq_2016,pancreatic
MT-CO2,18,paad_qcmg_uq_2016,pancreatic
TGFBR2,18,paad_qcmg_uq_2016,pancreatic
PXDN,18,paad_qcmg_uq_2016,pancreatic
MT-CO3,18,paad_qcmg_uq_2016,pancreatic
FAT4,17,paad_qcmg_uq_2016,pancreatic
LRP2,17,paad_qcmg_uq_2016,pancreatic
GPR98,17,paad_qcmg_uq_2016,pancreatic
ATM,17,paad_qcmg_uq_2016,pancreatic
THSD7B,17,paad_qcmg_uq_2016,pancreatic
NEB,17,paad_qcmg_uq_2016,pancreatic
MT-ND2,16,paad_qcmg_uq_2016,pancreatic
CACNA1H,16,paad_qcmg_uq_2016,pancreatic
GNAS,15,paad_qcmg_uq_2016,pancreatic
BAI3,15,paad_qcmg_uq_2016,pancreatic
DNAH5,15,paad_qcmg_uq_2016,pancreatic
ZNF536,15,paad_qcmg_uq_2016,pancreatic
FSIP2,15,paad_qcmg_uq_2016,pancreatic
TENM4,14,paad_qcmg_uq_2016,pancreatic
PLEC,14,paad_qcmg_uq_2016,pancreatic
KRAS,142,paad_tcga,pancreatic
TTN,123,paad_tcga,pancreatic
TP53,105,paad_tcga,pancreatic
MUC16,57,paad_tcga,pancreatic
SMAD4,38,paad_tcga,pancreatic
LRP1B,33,paad_tcga,pancreatic
SYNE1,32,paad_tcga,pancreatic
OBSCN,30,paad_tcga,pancreatic
PLEC,28,paad_tcga,pancreatic
USH2A,28,paad_tcga,pancreatic
RYR3,28,paad_tcga,pancreatic
RYR1,26,paad_tcga,pancreatic
HMCN1,25,paad_tcga,pancreatic
FAT4,24,paad_tcga,pancreatic
DST,23,paad_tcga,pancreatic
CDKN2A,22,paad_tcga,pancreatic
FAT2,22,paad_tcga,pancreatic
AHNAK,22,paad_tcga,pancreatic
MACF1,22,paad_tcga,pancreatic
MUC5B,22,paad_tcga,pancreatic
CSMD3,21,paad_tcga,pancreatic
NEB,21,paad_tcga,pancreatic
FCGBP,20,paad_tcga,pancreatic
ASPM,20,paad_tcga,pancreatic
SPTA1,20,paad_tcga,pancreatic
SYNE2,20,paad_tcga,pancreatic
FAT3,19,paad_tcga,pancreatic
RELN,19,paad_tcga,pancreatic
HERC2,19,paad_tcga,pancreatic
DIDO1,19,paad_tcga,pancreatic
PKD1,18,paad_tcga,pancreatic
ANKRD11,18,paad_tcga,pancreatic
FREM2,18,paad_tcga,pancreatic
MYO15A,18,paad_tcga,pancreatic
SCN5A,18,paad_tcga,pancreatic
LRP1,18,paad_tcga,pancreatic
CUBN,17,paad_tcga,pancreatic
PCDH15,17,paad_tcga,pancreatic
FLG,17,paad_tcga,pancreatic
PRUNE2,17,paad_tcga,pancreatic
COL5A1,17,paad_tcga,pancreatic
SSPO,17,paad_tcga,pancreatic
DNAH1,17,paad_tcga,pancreatic
APOB,16,paad_tcga,pancreatic
TRRAP,16,paad_tcga,pancreatic
MKI67,16,paad_tcga,pancreatic
ZFHX3,16,paad_tcga,pancreatic
DNAH10,16,paad_tcga,pancreatic
DNAH9,16,paad_tcga,pancreatic
DSCAM,16,paad_tcga,pancreatic
KRAS,103,paad_utsw_2015,pancreatic
TP53,55,paad_utsw_2015,pancreatic
SMAD4,22,paad_utsw_2015,pancreatic
TTN,22,paad_utsw_2015,pancreatic
ZNF814,20,paad_utsw_2015,pancreatic
MUC16,20,paad_utsw_2015,pancreatic
MUC2,18,paad_utsw_2015,pancreatic
FLG,16,paad_utsw_2015,pancreatic
MUC5B,11,paad_utsw_2015,pancreatic
RP11-407N17.3,11,paad_utsw_2015,pancreatic
TUBBP5,11,paad_utsw_2015,pancreatic
PCMTD1,10,paad_utsw_2015,pancreatic
TMPRSS13,10,paad_utsw_2015,pancreatic
NBPF9,10,paad_utsw_2015,pancreatic
MST1L,9,paad_utsw_2015,pancreatic
OBSCN,9,paad_utsw_2015,pancreatic
C10orf113,8,paad_utsw_2015,pancreatic
RBMXL3,8,paad_utsw_2015,pancreatic
NF1,8,paad_utsw_2015,pancreatic
HERC2,8,paad_utsw_2015,pancreatic
ZAN,8,paad_utsw_2015,pancreatic
ATXN1,8,paad_utsw_2015,pancreatic
COL18A1,8,paad_utsw_2015,pancreatic
MAGEC1,8,paad_utsw_2015,pancreatic
KRT4,8,paad_utsw_2015,pancreatic
PRB4,8,paad_utsw_2015,pancreatic
CDK2AP2P2,8,paad_utsw_2015,pancreatic
ARID1A,8,paad_utsw_2015,pancreatic
COL14A1,7,paad_utsw_2015,pancreatic
FAT3,7,paad_utsw_2015,pancreatic
MUC4,7,paad_utsw_2015,pancreatic
CDKN2A,7,paad_utsw_2015,pancreatic
MUC17,7,paad_utsw_2015,pancreatic
DGKB,7,paad_utsw_2015,pancreatic
KMT2C,7,paad_utsw_2015,pancreatic
SLC35G6,7,paad_utsw_2015,pancreatic
LOXHD1,7,paad_utsw_2015,pancreatic
AHNAK2,7,paad_utsw_2015,pancreatic
FRG1B,7,paad_utsw_2015,pancreatic
CSMD1,7,paad_utsw_2015,pancreatic
NLRP1,7,paad_utsw_2015,pancreatic
FOLH1,7,paad_utsw_2015,pancreatic
PRAMEF4,7,paad_utsw_2015,pancreatic
DNAH14,6,paad_utsw_2015,pancreatic
FCGBP,6,paad_utsw_2015,pancreatic
DNAH7,6,paad_utsw_2015,pancreatic
DNAH3,6,paad_utsw_2015,pancreatic
RGPD3,6,paad_utsw_2015,pancreatic
KRTAP10-7,6,paad_utsw_2015,pancreatic
HDGFRP2,6,paad_utsw_2015,pancreatic
Unknown,4531,skcm_broad,skin
TTN,1034,skcm_broad,skin
MUC16,643,skcm_broad,skin
DNAH5,408,skcm_broad,skin
LRP1B,304,skcm_broad,skin
MGAM,296,skcm_broad,skin
CSMD1,250,skcm_broad,skin
CSMD2,242,skcm_broad,skin
ANK3,207,skcm_broad,skin
PCLO,207,skcm_broad,skin
PTPRT,204,skcm_broad,skin
DNAH7,199,skcm_broad,skin
PKHD1L1,199,skcm_broad,skin
HYDIN,197,skcm_broad,skin
TPTE,195,skcm_broad,skin
PREX2,188,skcm_broad,skin
DNAH8,188,skcm_broad,skin
BAGE2,180,skcm_broad,skin
DMBT1,175,skcm_broad,skin
STAB2,174,skcm_broad,skin
GPR98,173,skcm_broad,skin
SPTA1,172,skcm_broad,skin
MROH2B,171,skcm_broad,skin
CSMD3,167,skcm_broad,skin
USH2A,166,skcm_broad,skin
DNAH9,166,skcm_broad,skin
RYR1,164,skcm_broad,skin
NEB,164,skcm_broad,skin
SCN10A,161,skcm_broad,skin
SYNE1,159,skcm_broad,skin
CACNA1E,155,skcm_broad,skin
DOCK3,151,skcm_broad,skin
CACNA2D3,149,skcm_broad,skin
OBSCN,145,skcm_broad,skin
PCSK5,142,skcm_broad,skin
DCC,139,skcm_broad,skin
PCDH15,138,skcm_broad,skin
APOB,136,skcm_broad,skin
COL5A1,136,skcm_broad,skin
MYH2,135,skcm_broad,skin
DNAH3,132,skcm_broad,skin
UNC79,132,skcm_broad,skin
THSD7B,131,skcm_broad,skin
ANKRD30A,130,skcm_broad,skin
RP11-492D6.3,128,skcm_broad,skin
PAPPA2,126,skcm_broad,skin
MYH1,126,skcm_broad,skin
CNTNAP2,125,skcm_broad,skin
PDE4DIP,123,skcm_broad,skin
RYR2,122,skcm_broad,skin
DNAH5,97,skcm_yale,skin
TTN,67,skcm_yale,skin
LRP1B,64,skcm_yale,skin
DNAH8,49,skcm_yale,skin
BRAF,45,skcm_yale,skin
ANK3,42,skcm_yale,skin
COL4A5,39,skcm_yale,skin
DNAH9,39,skcm_yale,skin
CSMD2,38,skcm_yale,skin
DCC,37,skcm_yale,skin
CSMD3,37,skcm_yale,skin
SCN10A,36,skcm_yale,skin
SCN11A,36,skcm_yale,skin
COL3A1,35,skcm_yale,skin
USH2A,34,skcm_yale,skin
RELN,33,skcm_yale,skin
PTPRD,32,skcm_yale,skin
SI,30,skcm_yale,skin
COL5A1,30,skcm_yale,skin
LRP2,29,skcm_yale,skin
PREX2,29,skcm_yale,skin
RP1,29,skcm_yale,skin
COL11A1,29,skcm_yale,skin
COL22A1,29,skcm_yale,skin
DNAH3,28,skcm_yale,skin
SPHKAP,27,skcm_yale,skin
ADAMTS20,27,skcm_yale,skin
MUC17,27,skcm_yale,skin
XDH,26,skcm_yale,skin
COL14A1,26,skcm_yale,skin
STAB2,26,skcm_yale,skin
APOB,26,skcm_yale,skin
MYH4,26,skcm_yale,skin
UNC79,25,skcm_yale,skin
TNR,24,skcm_yale,skin
CD163L1,24,skcm_yale,skin
FAT4,23,skcm_yale,skin
PCDH15,23,skcm_yale,skin
CD163,23,skcm_yale,skin
GRIN2B,23,skcm_yale,skin
MYH1,23,skcm_yale,skin
DSG4,23,skcm_yale,skin
VWF,22,skcm_yale,skin
C6,22,skcm_yale,skin
C1orf173,22,skcm_yale,skin
LOXHD1,21,skcm_yale,skin
ABCA4,21,skcm_yale,skin
RYR1,21,skcm_yale,skin
ADAM7,21,skcm_yale,skin
FLG,21,skcm_yale,skin
TTN,852,stad_tcga,stomach
MUC16,301,stad_tcga,stomach
OBSCN,206,stad_tcga,stomach
TP53,204,stad_tcga,stomach
SYNE1,202,stad_tcga,stomach
LRP1B,181,stad_tcga,stomach
FAT4,180,stad_tcga,stomach
FLG,170,stad_tcga,stomach
CSMD3,168,stad_tcga,stomach
PCLO,151,stad_tcga,stomach
AHNAK2,138,stad_tcga,stomach
HMCN1,137,stad_tcga,stomach
FAT3,135,stad_tcga,stomach
RYR2,134,stad_tcga,stomach
ARID1A,133,stad_tcga,stomach
DNAH5,125,stad_tcga,stomach
CSMD1,125,stad_tcga,stomach
DST,123,stad_tcga,stomach
ZFHX4,122,stad_tcga,stomach
KMT2D,120,stad_tcga,stomach
MUC5B,119,stad_tcga,stomach
HERC2,119,stad_tcga,stomach
PLEC,117,stad_tcga,stomach
RYR3,112,stad_tcga,stomach
SPTA1,110,stad_tcga,stomach
USH2A,106,stad_tcga,stomach
NEB,105,stad_tcga,stomach
RIMS2,103,stad_tcga,stomach
SACS,101,stad_tcga,stomach
LAMA1,99,stad_tcga,stomach
ZFHX3,99,stad_tcga,stomach
MDN1,99,stad_tcga,stomach
DNAH8,99,stad_tcga,stomach
RYR1,98,stad_tcga,stomach
HSPG2,97,stad_tcga,stomach
DNAH11,96,stad_tcga,stomach
DNAH7,96,stad_tcga,stomach
KMT2C,96,stad_tcga,stomach
XIRP2,96,stad_tcga,stomach
PREX2,92,stad_tcga,stomach
PCDH10,91,stad_tcga,stomach
SYNE2,91,stad_tcga,stomach
GLI3,90,stad_tcga,stomach
ABCA13,90,stad_tcga,stomach
DMD,90,stad_tcga,stomach
PCDH15,89,stad_tcga,stomach
CUBN,87,stad_tcga,stomach
LRP1,87,stad_tcga,stomach
RNF213,87,stad_tcga,stomach
DNAH3,86,stad_tcga,stomach